model,min_raters_p,min_votes_p,mean_raters_p,median_raters_p,std_dev_raters_p,90_CI_lower_raters,90_CI_upper_raters,mean_votes_p,median_votes_p,std_dev_votes_p,90_CI_lower_votes,90_CI_upper_votes
a,0.02,0.0027499999999999747,0.16368711656441717,0.1685,0.05908877551869979,0.047850000000000004,0.24275,0.2347134146341463,0.24625000000000002,0.045604294866728214,0.16985,0.24975
ab,0.02,0.006500000000000006,0.16332668711656442,0.16725,0.059250743124487006,0.04195,0.24365000000000003,0.23494359756097563,0.24612499999999998,0.043920836544734235,0.16548749999999998,0.24925000000000003
abc,0.02125,0.0022499999999999742,0.16822239263803682,0.174,0.058490882083563414,0.052849999999999994,0.24372500000000002,0.23403506097560978,0.246,0.047031433177223074,0.1193625,0.2495
