model,min_raters_p,min_votes_p,mean_raters_p,median_raters_p,std_dev_raters_p,90_CI_lower_raters,90_CI_upper_raters,mean_votes_p,median_votes_p,std_dev_votes_p,90_CI_lower_votes,90_CI_upper_votes
a,0.0,0.0,0.16303048780487803,0.16812500000000002,0.059501875229774126,0.0479,0.24275,0.23478787878787877,0.24625000000000002,0.04547588943322476,0.17105000000000004,0.24975
ab,0.0,0.0,0.16275609756097562,0.167,0.05951732909682482,0.042175000000000004,0.2436,0.23501060606060611,0.246,0.0437959486115349,0.16615,0.24925000000000003
abc,0.0,0.0,0.16779573170731707,0.1735,0.058566157973956756,0.053025,0.24371250000000003,0.23412575757575763,0.246,0.04690308047196274,0.11939999999999999,0.2495
