model,mean_raters_p,median_raters_p,std_dev_raters_p,90_CI_lower_raters,90_CI_upper_raters,mean_votes_p,median_votes_p,std_dev_votes_p,90_CI_lower_votes,90_CI_upper_votes
a,0.163030488,0.168125,0.059501875,0.0479,0.24275,0.234787879,0.24625,0.045475889,0.17105,0.24975
ab,0.162756098,0.167,0.059517329,0.042175,0.2436,0.235010606,0.246,0.043795949,0.16615,0.24925
abc,0.167795732,0.1735,0.058566158,0.053025,0.2437125,0.234125758,0.246,0.04690308,0.1194,0.2495